pool,corruption,n,orig_top1,orig_top5,quad_top1,quad_top5,quad_vs_orig_agree
20%,contrast,8041,0.9212784479542345,0.9858226588732745,0.9155577664469593,0.9855739335903495,0.973386394727024
20%,gaussian_noise,8041,0.9024996890933964,0.9810968784976993,0.8924263151349334,0.9798532520830743,0.9658002735978112
20%,impulse_noise,8041,0.8974008207934336,0.9803507026489242,0.8888197985325208,0.9787339883099117,0.9654271856734237
20%,jpeg_compression,8041,0.9246362392737222,0.986195746797662,0.9191642830493719,0.9858226588732745,0.9753761969904241
20%,motion_blur,8041,0.9176719313518219,0.9834597686854869,0.9104588981469967,0.9833354060440244,0.973635120009949
20%,spatter,8041,0.895286655888571,0.9758736475562741,0.8869543589105833,0.9737594826514115,0.9638104713344111
