hidden_dim,corruption,n,orig_top1,orig_top5,quad_top1,quad_top5,quad_vs_orig_agree
256,contrast,8041,0.9417982837955479,0.9912946150976246,0.9333416241760975,0.9910458898146997,0.9752518343489616
256,gaussian_noise,8041,0.9207809973883845,0.9884342743439871,0.9108319860713842,0.9875637358537496,0.9712722298221614
256,impulse_noise,8041,0.9172988434274344,0.9884342743439871,0.904862579281184,0.9873150105708245,0.9675413505782863
256,jpeg_compression,8041,0.9486382290759856,0.9927869667951748,0.9395597562492227,0.9930356920780997,0.9762467354806617
256,motion_blur,8041,0.9383161298345977,0.9901753513244621,0.9302325581395349,0.988931724909837,0.975127471707499
256,spatter,8041,0.9143141400323342,0.984703395100112,0.9044894913567965,0.9838328566098744,0.9684118890685238
