hidden_dim,corruption,n,orig_top1,orig_top5,quad_top1,quad_top5,quad_vs_orig_agree
128,contrast,8041,0.9369481407785102,0.9906728018903121,0.9268747668200472,0.9899266260415371,0.9689093396343739
128,gaussian_noise,8041,0.9131948762591717,0.9875637358537496,0.8993906230568337,0.9856982962318119,0.9546076358661858
128,impulse_noise,8041,0.9051113045641089,0.9863201094391245,0.8961571943788086,0.9844546698171869,0.9549807237905733
128,jpeg_compression,8041,0.9440368113418729,0.9925382415122497,0.9358288770053476,0.9917920656634747,0.9726402188782489
128,motion_blur,8041,0.9343365253077975,0.9894291754756871,0.9222733490859346,0.9880611864195995,0.9648053724661112
128,spatter,8041,0.906852381544584,0.9844546698171869,0.8926750404178585,0.9805994279318493,0.9549807237905733
