key,hidden_dim,pool_fraction,rep_fit_size,status,method_used,hard_feasible,alpha,beta,eta,empirical_margin,normalized_margin,quant_decimals,calib_n,calib_agreement,calib_mismatch_count,exact_preserved_on_calib,test_agreement,test_mismatch_count,calib_test_agreement_gap,num_pairwise_constraints,min_pairwise_margin,slack_positive_count,sum_slack,max_slack,selected_C,constraint_version,test_top1_acc,test_top5_acc,he_artifact_dir,skip_reason
hidden_dim=64,64,,,ok,soft(C=10.0),False,0.2648370462120198,0.677186733653678,0.26181384847779154,-9.097895415084242,-0.9286129522881114,0,9645,0.9268014515292898,706,False,0.934841628959276,144,-0.008040177429986195,38580,-9.097895415084242,1748,1752.2893383464714,10.097895415084242,10.0,multiclass_bias_free_dL_v1,0.3719457013574661,,e:\李锐\8. 日常学习\非线性近似\CCS2026\Experimental\Single_Layer\SST-5(NLP_multi-class)\he_artifacts_sst5_h64,
hidden_dim=128,128,,,ok,soft(C=100.0),False,0.21346088389932016,0.546160528911949,0.2173272945062544,-7.516414578180257,-0.7455228251772552,0,9645,0.9237947122861586,735,False,0.9199095022624434,177,0.0038852100237152243,38580,-7.516414578180257,1894,1893.6179188639771,8.516414578180257,100.0,multiclass_bias_free_dL_v1,0.36561085972850677,,e:\李锐\8. 日常学习\非线性近似\CCS2026\Experimental\Single_Layer\SST-5(NLP_multi-class)\he_artifacts_sst5_h128,
hidden_dim=256,256,,,ok,soft(C=1.0),False,0.20252881554805374,0.5079663298577902,0.19204104985229484,-6.338565761174775,-0.5727520835970955,0,9645,0.9262830482115085,711,False,0.9230769230769231,170,0.0032061251345854025,38580,-6.338565761174775,1884,1764.00432114969,7.338565761174775,1.0,multiclass_bias_free_dL_v1,0.36425339366515835,,e:\李锐\8. 日常学习\非线性近似\CCS2026\Experimental\Single_Layer\SST-5(NLP_multi-class)\he_artifacts_sst5_h256,
