key,hidden_dim,pool_fraction,rep_fit_size,status,method_used,hard_feasible,alpha,beta,eta,empirical_margin,normalized_margin,quant_decimals,calib_n,calib_agreement,calib_mismatch_count,exact_preserved_on_calib,test_agreement,test_mismatch_count,calib_test_agreement_gap,num_pairwise_constraints,min_pairwise_margin,slack_positive_count,sum_slack,max_slack,selected_C,constraint_version,test_top1_acc,test_top5_acc,he_artifact_dir,skip_reason
pool=01%,256,0.01,59,ok,soft(C=100.0),False,0.13497330148377257,0.304777676641093,0.09965855893646841,-0.8625029720855055,-0.05737859322505843,0,59,0.8813559322033898,7,False,0.9190045248868778,179,-0.03764859268348797,236,-0.8625029720855055,15,13.766071562582766,1.8625029720855055,100.0,multiclass_bias_free_dL_v1,0.3429864253393665,,e:\李锐\8. 日常学习\非线性近似\CCS2026\Experimental\Single_Layer\SST-5(NLP_multi-class)\he_artifacts_sst5_pool_01,
pool=05%,256,0.05,296,ok,soft(C=100.0),False,0.1320541132020114,0.3491583762666891,0.12285949017684332,-1.5828528769699481,-0.08925190891120664,0,296,0.8817567567567568,35,False,0.918552036199095,180,-0.03679527944233818,1184,-1.5828528769699481,77,73.08277216193515,2.582852876969948,100.0,multiclass_bias_free_dL_v1,0.34479638009049773,,e:\李锐\8. 日常学习\非线性近似\CCS2026\Experimental\Single_Layer\SST-5(NLP_multi-class)\he_artifacts_sst5_pool_05,
pool=10%,256,0.1,592,ok,soft(C=100.0),False,0.12710637742975653,0.3493391391741841,0.12745905764799245,-3.2226395851869607,-0.1610983200547392,0,592,0.9307432432432432,41,False,0.9190045248868778,179,0.011738718356365418,2368,-3.2226395851869607,108,104.92591996373014,4.222639585186961,100.0,multiclass_bias_free_dL_v1,0.34660633484162895,,e:\李锐\8. 日常学习\非线性近似\CCS2026\Experimental\Single_Layer\SST-5(NLP_multi-class)\he_artifacts_sst5_pool_10,
pool=20%,256,0.2,1185,ok,soft(C=100.0),False,0.15805511501160827,0.39966213638267856,0.1361034957086741,-4.0949650529660016,-0.23440508358617404,0,1185,0.9172995780590717,98,False,0.918552036199095,180,-0.0012524581400232826,4740,-4.0949650529660016,242,238.4741573179491,5.0949650529660016,100.0,multiclass_bias_free_dL_v1,0.34434389140271493,,e:\李锐\8. 日常学习\非线性近似\CCS2026\Experimental\Single_Layer\SST-5(NLP_multi-class)\he_artifacts_sst5_pool_20,
