pool,corruption,n,orig_top1,orig_top5,quad_top1,quad_top5,quad_vs_orig_agree
10%,contrast,8041,0.9212784479542345,0.9858226588732745,0.9148115905981843,0.9858226588732745,0.9732620320855615
10%,gaussian_noise,8041,0.9024996890933964,0.9810968784976993,0.8926750404178585,0.9803507026489242,0.9667951747295113
10%,impulse_noise,8041,0.8974008207934336,0.9803507026489242,0.8884467106081333,0.9786096256684492,0.9654271856734237
10%,jpeg_compression,8041,0.9246362392737222,0.986195746797662,0.9191642830493719,0.9863201094391245,0.975127471707499
10%,motion_blur,8041,0.9176719313518219,0.9834597686854869,0.9098370849396841,0.9837084939684119,0.973137669444099
10%,spatter,8041,0.895286655888571,0.9758736475562741,0.8869543589105833,0.9748787464245741,0.9616963064295485
