pool,corruption,n,orig_top1,orig_top5,quad_top1,quad_top5,quad_vs_orig_agree
05%,contrast,8041,0.9212784479542345,0.9858226588732745,0.9156821290884218,0.9856982962318119,0.973635120009949
05%,gaussian_noise,8041,0.9024996890933964,0.9810968784976993,0.8927994030593209,0.9802263400074618,0.9670439000124362
05%,impulse_noise,8041,0.8974008207934336,0.9803507026489242,0.8885710732495958,0.9786096256684492,0.9658002735978112
05%,jpeg_compression,8041,0.9246362392737222,0.986195746797662,0.9187911951249844,0.986195746797662,0.9748787464245741
05%,motion_blur,8041,0.9176719313518219,0.9834597686854869,0.9102101728640717,0.9834597686854869,0.9740082079343365
05%,spatter,8041,0.895286655888571,0.9758736475562741,0.8870787215520458,0.974132570575799,0.9634373834100236
