hidden_dim,corruption,n,orig_top1,orig_top5,quad_top1,quad_top5,quad_vs_orig_agree
64,contrast,8041,0.9267504041785848,0.987688098495212,0.9069767441860465,0.9888073622683746,0.9481407785101356
64,gaussian_noise,8041,0.8998880736226837,0.9840815818927994,0.8766322596691953,0.9834597686854869,0.9330928988931725
64,impulse_noise,8041,0.8880736226837458,0.9842059445342619,0.8697923143887576,0.9829623181196369,0.9271234921029723
64,jpeg_compression,8041,0.9359532396468101,0.9907971645317747,0.9164283049371968,0.9907971645317747,0.9536127347344857
64,motion_blur,8041,0.9228951622932471,0.9860713841561994,0.9029971396592463,0.985449570948887,0.9466484268125855
64,spatter,8041,0.8845914687227957,0.9798532520830743,0.8691705011814451,0.9791070762342993,0.9291132943663724
